{
  "_fv": 18,
  "_type": "food",
  "definition": {
    "renderType": 0,
    "texture": "apple_juice",
    "customModelName": "Normal",
    "name": "Apple Juice",
    "rarity": "COMMON",
    "specialInfo": [],
    "creativeTab": {
      "value": "CUSTOM:Dsr"
    },
    "stackSize": 64,
    "nutritionalValue": 8,
    "saturation": 0.3,
    "eatingSpeed": 32,
    "forDogs": false,
    "isAlwaysEdible": true,
    "animation": "drink",
    "hasGlow": false,
    "onEaten": {
      "name": "ApplejuiceFoodEaten"
    }
  }
}