{
  "_fv": 18,
  "_type": "recipe",
  "definition": {
    "recipeType": "Crafting",
    "xpReward": 0.0,
    "cookingTime": 200,
    "recipeRetstackSize": 1,
    "group": "",
    "recipeShapeless": true,
    "recipeSlots": [
      {
        "value": ""
      },
      {
        "value": ""
      },
      {
        "value": ""
      },
      {
        "value": "CUSTOM:Diamondknife"
      },
      {
        "value": "Items.APPLE"
      },
      {
        "value": "Items.APPLE"
      },
      {
        "value": ""
      },
      {
        "value": "Items.BOWL"
      },
      {
        "value": ""
      }
    ],
    "recipeReturnStack": {
      "value": "CUSTOM:Applejuice"
    },
    "name": "applejuice2",
    "namespace": "mod"
  }
}