{
  "_fv": 18,
  "_type": "food",
  "definition": {
    "renderType": 0,
    "texture": "ice_cream",
    "customModelName": "Normal",
    "name": "Ice Cream",
    "rarity": "COMMON",
    "specialInfo": [],
    "creativeTab": {
      "value": "CUSTOM:Dsr"
    },
    "stackSize": 1,
    "nutritionalValue": 5,
    "saturation": 0.1,
    "eatingSpeed": 32,
    "forDogs": true,
    "isAlwaysEdible": true,
    "animation": "eat",
    "hasGlow": false,
    "onEaten": {
      "name": "IcecreamFoodEaten"
    }
  }
}