{
  "_fv": 18,
  "_type": "food",
  "definition": {
    "renderType": 0,
    "texture": "suspicious_stew",
    "customModelName": "Normal",
    "name": "Suspicious Stew",
    "rarity": "COMMON",
    "specialInfo": [],
    "creativeTab": {
      "value": "CUSTOM:Dsr"
    },
    "stackSize": 1,
    "nutritionalValue": 6,
    "saturation": 0.4,
    "eatingSpeed": 32,
    "forDogs": false,
    "isAlwaysEdible": true,
    "animation": "eat",
    "hasGlow": false,
    "onEaten": {
      "name": "SuspiciousstewFoodEaten"
    }
  }
}