{
  "_fv": 6,
  "_type": "food",
  "definition": {
    "renderType": 0,
    "texture": "roast_ghast_tear",
    "customModelName": "Normal",
    "name": "Roast Ghast Tear",
    "creativeTab": {
      "value": "CUSTOM:Dsr"
    },
    "stackSize": 64,
    "nutritionalValue": 7,
    "saturation": 0.19999999999999998,
    "eatingSpeed": 32,
    "forDogs": false,
    "isAlwaysEdible": true,
    "animation": "drink",
    "hasGlow": false,
    "onEaten": {
      "name": "RoastghasttearFoodEaten"
    }
  }
}