{
  "_fv": 6,
  "_type": "recipe",
  "definition": {
    "recipeType": "Crafting",
    "xpReward": 0.0,
    "recipeRetstackSize": 1,
    "group": "",
    "recipeShapeless": true,
    "recipeSlots": [
      {
        "value": ""
      },
      {
        "value": "Items.ROTTEN_FLESH"
      },
      {
        "value": ""
      },
      {
        "value": ""
      },
      {
        "value": "Items.WATER_BUCKET"
      },
      {
        "value": ""
      },
      {
        "value": ""
      },
      {
        "value": ""
      },
      {
        "value": ""
      }
    ],
    "recipeReturnStack": {
      "value": "CUSTOM:Soakrottenflesh"
    },
    "name": "soakrottenflesh1",
    "namespace": "mod"
  }
}