{
  "group": "dontstarvereborn",
  "type": "minecraft:crafting_shapeless",
  "ingredients": [
    {
      "item": "minecraft:dirt",
      "data": 0
    },
    {
      "item": "minecraft:dirt",
      "data": 0
    },
    {
      "item": "minecraft:dirt",
      "data": 0
    },
    {
      "item": "minecraft:dirt",
      "data": 0
    },
    {
      "item": "dontstarvereborn:cheese"
    },
    {
      "item": "minecraft:dirt",
      "data": 0
    },
    {
      "item": "minecraft:bowl"
    }
  ],
  "result": {
    "item": "dontstarvereborn:dirtsalad",
    "count": 1
  }
}