{
  "_fv": 18,
  "_type": "recipe",
  "definition": {
    "recipeType": "Crafting",
    "xpReward": 0.0,
    "cookingTime": 200,
    "recipeRetstackSize": 1,
    "group": "",
    "recipeShapeless": true,
    "recipeSlots": [
      {
        "value": "CUSTOM:Chocolate"
      },
      {
        "value": "CUSTOM:Chocolate"
      },
      {
        "value": "CUSTOM:Chocolate"
      },
      {
        "value": "CUSTOM:Chocolate"
      },
      {
        "value": "CUSTOM:Chocolate"
      },
      {
        "value": "CUSTOM:Chocolate"
      },
      {
        "value": "CUSTOM:Chocolate"
      },
      {
        "value": "CUSTOM:Chocolate"
      },
      {
        "value": "CUSTOM:Chocolate"
      }
    ],
    "recipeReturnStack": {
      "value": "CUSTOM:Chocolateblock"
    },
    "name": "chocolateblock1",
    "namespace": "mod"
  }
}