{
  "_fv": 18,
  "_type": "recipe",
  "definition": {
    "recipeType": "Crafting",
    "xpReward": 0.0,
    "cookingTime": 200,
    "recipeRetstackSize": 1,
    "group": "",
    "recipeShapeless": false,
    "recipeSlots": [
      {
        "value": "Items.GLOWSTONE_DUST"
      },
      {
        "value": "Items.GLOWSTONE_DUST"
      },
      {
        "value": "Items.GLOWSTONE_DUST"
      },
      {
        "value": "Items.GLOWSTONE_DUST"
      },
      {
        "value": "CUSTOM:Cheese"
      },
      {
        "value": "Items.GLOWSTONE_DUST"
      },
      {
        "value": ""
      },
      {
        "value": "CUSTOM:Papercup"
      },
      {
        "value": ""
      }
    ],
    "recipeReturnStack": {
      "value": "CUSTOM:Glowstonemilkshake"
    },
    "name": "glowstonemilkshake1",
    "namespace": "mod"
  }
}