{
  "_fv": 18,
  "_type": "food",
  "definition": {
    "renderType": 0,
    "texture": "roast_gunpowder",
    "customModelName": "Normal",
    "name": "Roast Gunpowder",
    "rarity": "COMMON",
    "specialInfo": [],
    "creativeTab": {
      "value": "CUSTOM:Dsr"
    },
    "stackSize": 64,
    "nutritionalValue": 8,
    "saturation": 0.19999999999999998,
    "eatingSpeed": 32,
    "forDogs": true,
    "isAlwaysEdible": true,
    "animation": "eat",
    "hasGlow": false,
    "onEaten": {
      "name": "RoastgunpowderFoodEaten"
    }
  }
}