{
  "_fv": 6,
  "_type": "item",
  "definition": {
    "renderType": 0,
    "texture": "iron_knife",
    "customModelName": "Normal",
    "name": "Iron Knife",
    "creativeTab": {
      "value": "CUSTOM:Dsr"
    },
    "stackSize": 1,
    "enchantability": 1,
    "useDuration": 192,
    "toolType": 2.1,
    "damageCount": 0,
    "destroyAnyBlock": false,
    "stayInGridWhenCrafting": true,
    "enableMeleeDamage": false,
    "damageVsEntity": 0.0,
    "specialInfo": [],
    "hasGlow": false
  }
}