{
  "_fv": 6,
  "_type": "recipe",
  "definition": {
    "recipeType": "Crafting",
    "xpReward": 0.0,
    "recipeRetstackSize": 1,
    "group": "",
    "recipeShapeless": true,
    "recipeSlots": [
      {
        "value": ""
      },
      {
        "value": ""
      },
      {
        "value": ""
      },
      {
        "value": ""
      },
      {
        "value": "Blocks.BROWN_MUSHROOM"
      },
      {
        "value": "Blocks.RED_MUSHROOM"
      },
      {
        "value": ""
      },
      {
        "value": "Items.BOWL"
      },
      {
        "value": "Blocks.YELLOW_FLOWER"
      }
    ],
    "recipeReturnStack": {
      "value": "CUSTOM:Suspiciousstew"
    },
    "name": "suspiciousstew1",
    "namespace": "mod"
  }
}