{
  "_fv": 6,
  "_type": "food",
  "definition": {
    "renderType": 0,
    "texture": "warmed_mushroom_stew",
    "customModelName": "Normal",
    "name": "Warmed Mushroom Stew",
    "creativeTab": {
      "value": "CUSTOM:Dsr"
    },
    "stackSize": 64,
    "nutritionalValue": 8,
    "saturation": 0.5,
    "eatingSpeed": 32,
    "forDogs": false,
    "isAlwaysEdible": true,
    "animation": "drink",
    "hasGlow": false,
    "onEaten": {
      "name": "WarmedmushroomstewFoodEaten"
    }
  }
}